{   
    "input": "s3://healthomicspipeline4/Samplesheet.tsv",
	"cprimers": "s3://healthomicspipeline4/documets/C_primers.fasta",
	"vprimers": "s3://healthomicspipeline4/documets/V_primers.fasta",
	"imgtdb_base": "s3://healthomicspipeline4/documets/imgtdb_base/",
	"index_file": true,
	"clonal_threshold": 0,
	"umi_length": 8,
	"umi_position": "R1",
	"outdir":"/mnt/workflow/pubdir/",
	"igblast_base":"s3://healthomicspipeline4/documets/igblast_base/",
	"mode":"fastq",
	"library_generation_method":"specific_pcr_umi",
	"profile":"docker"
}
