{
    "name": "nf-core/airrflow",
    "homePage": "https://github.com/nf-core/airrflow",
    "repos": {
        "https://github.com/nf-core/modules.git": {
            "modules": {
                "nf-core": {
                    "custom/dumpsoftwareversions": {
                        "branch": "master",
                        "git_sha": "911696ea0b62df80e900ef244d7867d177971f73",
                        "installed_by": ["modules"]
                    },
                    "fastp": {
                        "branch": "master",
                        "git_sha": "d497a4868ace3302016ea8ed4b395072d5e833cd",
                        "installed_by": ["modules"]
                    },
                    "fastqc": {
                        "branch": "master",
                        "git_sha": "cfd937a668919d948f6fcbf4218e79de50c2f36f",
                        "installed_by": ["modules"]
                    },
                    "multiqc": {
                        "branch": "master",
                        "git_sha": "911696ea0b62df80e900ef244d7867d177971f73",
                        "installed_by": ["modules"]
                    }
                }
            }
        }
    }
}
