{
    "$schema": "http://json-schema.org/draft-07/schema",
    "$id": "https://raw.githubusercontent.com/nf-core/airrflow/master/nextflow_schema.json",
    "title": "nf-core/airrflow pipeline parameters",
    "description": "B and T cell repertoire analysis pipeline with the Immcantation framework.",
    "type": "object",
    "definitions": {
        "input_output_options": {
            "title": "Input/output options",
            "type": "object",
            "fa_icon": "fas fa-terminal",
            "description": "Define where the pipeline should find input data and save output data.",
            "required": ["input", "outdir"],
            "properties": {
                "input": {
                    "type": "string",
                    "format": "file-path",
                    "exists": true,
                    "mimetype": "text/csv",
                    "pattern": "^\\S+\\.tsv$",
                    "schema": "assets/schema_input.json",
                    "description": "Path to comma-separated file containing information about the samples in the experiment.",
                    "help_text": "You will need to create a design file with information about the samples in your experiment before running the pipeline. Use this parameter to specify its location. It has to be a comma-separated file with 3 columns, and a header row. See [usage docs](https://nf-co.re/airrflow/usage#samplesheet-input).",
                    "fa_icon": "fas fa-file-csv"
                },
                "mode": {
                    "type": "string",
                    "default": "fastq",
                    "description": "Specify the processing mode for the pipeline. Available options are \"fastq\" and \"assembled\".",
                    "enum": ["fastq", "assembled"],
                    "fa_icon": "fas fa-terminal"
                },
                "outdir": {
                    "type": "string",
                    "format": "directory-path",
                    "description": "The output directory where the results will be saved. You have to use absolute paths to storage on Cloud infrastructure.",
                    "fa_icon": "fas fa-folder-open"
                },
                "email": {
                    "type": "string",
                    "description": "Email address for completion summary.",
                    "fa_icon": "fas fa-envelope",
                    "help_text": "Set this parameter to your e-mail address to get a summary e-mail with details of the run sent to you when the workflow exits. If set in your user config file (`~/.nextflow/config`) then you don't need to specify this on the command line for every run.",
                    "pattern": "^([a-zA-Z0-9_\\-\\.]+)@([a-zA-Z0-9_\\-\\.]+)\\.([a-zA-Z]{2,5})$"
                },
                "miairr": {
                    "type": "string",
                    "default": "airrflow/assets/reveal/mapping_MiAIRR_BioSample_v1.3.1.tsv",
                    "description": "Path to MiAIRR-BioSample mapping",
                    "fa_icon": "fas fa-table"
                }
            }
        },
        "protocol": {
            "title": "Protocol",
            "type": "object",
            "description": "Experimental protocol used to generate the data",
            "default": "",
            "properties": {
                "library_generation_method": {
                    "type": "string",
                    "fa_icon": "fas fa-flask",
                    "description": "Protocol used for the V(D)J amplicon sequencing library generation.",
                    "enum": ["specific_pcr_umi", "specific_pcr", "dt_5p_race", "dt_5p_race_umi"],
                    "help_text": "Available protocols are:\n- `specific_pcr_umi`: RT-PCR using transcript-specific primers containing UMIs.\n- `specific_pcr`: RT-PCR using transcript-specific primers.\n- `dt_5p_race_umi`: 5\u2019-RACE PCR using oligo-dT primers and template switch primers containing UMI.\n- `dt_5p_race`: 5\u2019-RACE PCR (i.e. RT is followed by a template switch (TS) step) using oligo-dT primers."
                },
                "race_linker": {
                    "type": "string",
                    "description": "Path to fasta file containing the linker sequence, if no V-region primers were used but a linker sequence is present (e.g. 5' RACE SMARTer TAKARA protocol).",
                    "fa_icon": "fas fa-dna"
                }
            },
            "fa_icon": "fas fa-flask"
        },
        "primer_handling": {
            "title": "Primer handling",
            "type": "object",
            "description": "Define the primer region start and how to deal with the primer alignment.",
            "default": "",
            "properties": {
                "vprimers": {
                    "type": "string",
                    "fa_icon": "fas fa-dna",
                    "description": "Path to a fasta file containinc the V-region primer sequences."
                },
                "cprimers": {
                    "type": "string",
                    "fa_icon": "fas fa-dna",
                    "description": "Path to a fasta file containing the C-region primer sequences."
                },
                "vprimer_start": {
                    "type": "integer",
                    "description": "Start position of V region primers (without counting the UMI barcode).",
                    "fa_icon": "fas fa-dna",
                    "default": 0
                },
                "cprimer_start": {
                    "type": "integer",
                    "description": "Start position of C region primers (without counting the UMI barcode).",
                    "fa_icon": "fas fa-dna",
                    "default": 0
                },
                "cprimer_position": {
                    "type": "string",
                    "default": "R1",
                    "fa_icon": "fas fa-dna",
                    "description": "Indicate if C region primers are in the R1 or R2 reads.",
                    "enum": ["R1", "R2"]
                },
                "primer_revpr": {
                    "type": "boolean",
                    "description": "Specify to match the tail-end of the sequence against the reverse complement of the primers. This also reverses the behavior of the --start argument, such that start position is relative to the tail-end of the sequence. (default: False)Maximum scoring error for the Presto MaxPrimer process for the C and/or V region primers identification.",
                    "fa_icon": "fas fa-dna"
                }
            },
            "fa_icon": "fas fa-dna"
        },
        "umi_barcode_handling": {
            "title": "UMI barcode handling",
            "type": "object",
            "description": "Define how UMI barcodes should be treated.",
            "default": "",
            "properties": {
                "umi_position": {
                    "type": "string",
                    "default": "R1",
                    "description": "Indicate if UMI indices are recorded in the R1 (default) or R1 fastq file.",
                    "help_text": "The pipeline requires UMI barcodes for identifying unique transcripts. These barcodes are typically read from an index file but sometimes can be provided merged with the start of the R1 or R2 reads. If provided in an additional index file, set the `--index_file` parameter, if provided merged with the R1 or R2 reads, set the `--umi_position` parameter to R1 or R2, respectively.",
                    "enum": ["R1", "R2"],
                    "fa_icon": "fas fa-barcode"
                },
                "umi_length": {
                    "type": "integer",
                    "description": "UMI barcode length in nucleotides. Set to 0 if no UMIs present.",
                    "fa_icon": "fas fa-barcode",
                    "default": -1
                },
                "umi_start": {
                    "type": "integer",
                    "description": "UMI barcode start position in the index read.",
                    "fa_icon": "fas fa-barcode",
                    "default": 0
                },
                "index_file": {
                    "type": "boolean",
                    "description": "Indicate if UMI indices are recorded in a separate index file.",
                    "help_text": "Set to `true` if UMI barcodes are to be read from a separate Illumina index fastq file. If Illumina indices and UMI barcodes are already integrated into the R1 reads, leave the default `--index_file false`.\n\nThe pipeline requires UMI barcodes for identifying unique transcripts. These barcodes are typically read from an index file but sometimes can be provided merged with the start of the R1 or R2 reads. If provided in an additional index file, set the `--index_file` parameter, if provided merged with the R1 or R2 reads, set the `--umi_position` parameter.",
                    "fa_icon": "fas fa-barcode"
                }
            },
            "help_text": "The pipeline requires indication of UMI barcode treatment (for identifying unique transcripts). These barcodes are typically read from an index file but sometimes can be provided merged with the start of the R1 or R2 reads. If provided in an additional index file, set the `--index_file` parameter, if provided merged with the R1 or R2 reads, set the `--umi_position` parameter. Specify the UMI barcode length with the `--umi_length` parameter. If no UMI barcodes are present, specify `--umi_length = 0` to use the sans-UMI subworkflow.",
            "fa_icon": "fas fa-barcode"
        },
        "adapter_trimming": {
            "title": "Adapter trimming",
            "type": "object",
            "description": "Options for adapter trimming and read clipping",
            "default": "",
            "fa_icon": "fas fa-cut",
            "properties": {
                "trim_fastq": {
                    "type": "boolean",
                    "default": true,
                    "description": "Whether to trim adapters in fastq reads with fastp.",
                    "help_text": "By default adapters will be auto-detected, but adapter sequences can also be provided in a `fasta` file with the `--adapter_fasta` option.",
                    "fa_icon": "fas fa-cut"
                },
                "adapter_fasta": {
                    "type": "string",
                    "default": "None",
                    "fa_icon": "fas fa-file",
                    "description": "Fasta file with adapter sequences to be trimmed."
                },
                "clip_r1": {
                    "type": "integer",
                    "default": 0,
                    "description": "Number of bases to clip 5' in R1 reads.",
                    "fa_icon": "fas fa-cut"
                },
                "clip_r2": {
                    "type": "integer",
                    "default": 0,
                    "description": "Number of bases to clip 5' in R2 reads.",
                    "fa_icon": "fas fa-cut"
                },
                "three_prime_clip_r1": {
                    "type": "integer",
                    "default": 0,
                    "description": "Number of bases to clip 3' in R1 reads.",
                    "fa_icon": "fas fa-cut"
                },
                "three_prime_clip_r2": {
                    "type": "integer",
                    "default": 0,
                    "description": "Number of bases to clip 3' in R2 reads.",
                    "fa_icon": "fas fa-cut"
                },
                "trim_nextseq": {
                    "type": "boolean",
                    "description": "Trim adapters specific for Nextseq sequencing",
                    "fa_icon": "fas fa-cut"
                },
                "save_trimmed": {
                    "type": "boolean",
                    "description": "Option to save trimmed reads.",
                    "fa_icon": "far fa-save"
                }
            }
        },
        "sequence_assembly_options": {
            "title": "sequence assembly options",
            "type": "object",
            "description": "Options for the pRESTO sequence assembly processes",
            "default": "",
            "properties": {
                "filterseq_q": {
                    "type": "integer",
                    "default": 20,
                    "description": "Quality threshold for pRESTO FilterSeq sequence filtering.",
                    "fa_icon": "fas fa-filter"
                },
                "primer_maxerror": {
                    "type": "number",
                    "default": 0.2,
                    "description": "Maximum primer scoring error in the pRESTO MaskPrimer step for the C and/or V region primers identification.",
                    "fa_icon": "fas fa-align-center"
                },
                "primer_consensus": {
                    "type": "number",
                    "default": 0.6,
                    "description": "Maximum error for building the primer consensus in the pRESTO Buildconsensus step.",
                    "fa_icon": "fas fa-align-center"
                },
                "primer_mask_mode": {
                    "type": "string",
                    "default": "cut",
                    "description": "Masking mode for the pRESTO MaskPrimer step. Available: cut, mask, trim, tag.",
                    "enum": ["cut", "mask", "trim", "tag"],
                    "help_text": "The primer masking modes will perform the following actions:\n\n* `cut`: remove both the primer region and the preceding sequence.\n* `mask`: replace the primer region with Ns and remove the preceding sequence.\n* `trim`: remove the region preceding the primer, but leave the primer region intact.\n* `tag`: leave the input sequence unmodified.",
                    "fa_icon": "fas fa-mask"
                },
                "buildconsensus_maxerror": {
                    "type": "number",
                    "default": 0.1,
                    "fa_icon": "fas fa-align-center",
                    "description": "Maximum error for building the sequence consensus in the pRESTO BuildConsensus step."
                },
                "buildconsensus_maxgap": {
                    "type": "number",
                    "default": 0.5,
                    "fa_icon": "fas fa-align-center",
                    "description": "Maximum gap for building the sequence consensus in the pRESTO BuildConsensus step."
                },
                "cluster_sets": {
                    "type": "boolean",
                    "default": true,
                    "fa_icon": "fas fa-layer-group",
                    "description": "Cluster sequences by similarity regardless of any annotation with pRESTO ClusterSets and annotate the cluster ID additionally to the UMI barcode."
                }
            },
            "fa_icon": "fas fa-align-center"
        },
        "vdj_annotation_options": {
            "title": "VDJ annotation options",
            "type": "object",
            "description": "Options for the VDJ annotation processes.",
            "default": "",
            "properties": {
                "reassign": {
                    "type": "boolean",
                    "default": true,
                    "description": "Whether to reassign genes if the input file is an AIRR formatted tabulated file.",
                    "fa_icon": "fas fa-redo"
                },
                "productive_only": {
                    "type": "boolean",
                    "default": true,
                    "description": "Subset to productive  sequences.",
                    "fa_icon": "fab fa-product-hunt"
                },
                "save_databases": {
                    "type": "boolean",
                    "description": "Save databases so you can use the cache in future runs.",
                    "fa_icon": "fas fa-file-download"
                },
                "imgtdb_base": {
                    "type": "string",
                    "description": "Path to the cached IMGT database.",
                    "help_text": "By default, we provide a pre-downloaded version of the IMGT database. It is also possible to provide a custom IMGT reference database. To fetch a fresh version of IMGT, set the `--fetch_imgt` parameter instead.",
                    "fa_icon": "fas fa-database"
                },
                "igblast_base": {
                    "type": "string",
                    "description": "Path to the cached igblast database.",
                    "help_text": "By default, we provide a pre-downloaded version of the IMGT database. It is also possible to provide a custom IMGT reference database. To fetch a fresh version of IMGT, set the `--fetch_imgt` parameter instead.",
                    "fa_icon": "fas fa-database"
                },
                "fetch_imgt": {
                    "type": "boolean",
                    "description": "Set this flag to fetch the IMGT reference data at runtime.",
                    "fa_icon": "fas fa-cloud-download-alt"
                }
            },
            "fa_icon": "fas fa-edit"
        },
        "bulk_filtering_options": {
            "title": "Bulk filtering options",
            "type": "object",
            "description": "Options for bulk sequence filtering after VDJ assignment.",
            "default": "",
            "properties": {
                "collapseby": {
                    "type": "string",
                    "description": "Name of the field used to collapse duplicated sequences.",
                    "fa_icon": "fas fa-compress-alt",
                    "default": "sample_id"
                },
                "detect_contamination": {
                    "type": "boolean",
                    "fa_icon": "fas fa-search",
                    "description": "Whether to run the process to detect contamination."
                },
                "remove_chimeric": {
                    "type": "boolean",
                    "description": "Whether to apply the chimera removal filter.",
                    "fa_icon": "fas fa-minus-square"
                }
            },
            "fa_icon": "fas fa-filter"
        },
        "clonal_analysis_options": {
            "title": "Clonal analysis options",
            "type": "object",
            "description": "Define how the B-cell clonal trees should be calculated.",
            "default": "",
            "properties": {
                "clonal_threshold": {
                    "type": ["string", "number"],
                    "default": "auto",
                    "fa_icon": "fab fa-pagelines",
                    "description": "Set the clustering threshold Hamming distance value. Default: 'auto'"
                },
                "skip_lineage": {
                    "type": "boolean",
                    "description": "Skip clonal lineage analysis and lineage tree plotting.",
                    "fa_icon": "fas fa-angle-double-right"
                },
                "cloneby": {
                    "type": "string",
                    "default": "subject_id",
                    "description": "Name of the field used to group data files to identify clones.",
                    "fa_icon": "fab fa-pagelines"
                },
                "crossby": {
                    "type": "string",
                    "default": "subject_id",
                    "description": "Name of the field used to identify external groups used to identify a clonal threshold.",
                    "fa_icon": "fab fa-pagelines"
                },
                "igphyml": {
                    "type": "string",
                    "default": "/usr/local/share/igphyml/src/igphyml",
                    "description": "Path to IgPhyml executable.",
                    "fa_icon": "fas fa-file"
                },
                "singlecell": {
                    "type": "string",
                    "default": "single_cell",
                    "description": "Name of the field used to determine if a sample is single cell sequencing or not.",
                    "fa_icon": "fas fa-border-all"
                },
                "skip_all_clones_report": {
                    "type": "boolean",
                    "description": "Skip report of EnchantR DefineClones for all samples together.",
                    "fa_icon": "fas fa-angle-double-right"
                },
                "skip_report_threshold": {
                    "type": "boolean",
                    "description": "Skip report of EnchantR FindThreshold for all samples together.",
                    "fa_icon": "fas fa-angle-double-right"
                }
            },
            "help_text": "By default, the pipeline will define clones for each of the samples, as two sequences having the same V-gene assignment, C-gene assignment, J-gene assignment, and junction length. Additionally, the similarity of the CDR3 sequences will be assessed by Hamming distances. \n\nA distance threshold for determining if two sequences come from the same clone or not is automatically determined by the process find threshold. Alternatively, a hamming distance threshold can be  manually set by setting the `--clonal_threshold` parameter.",
            "fa_icon": "fab fa-pagelines"
        },
        "report_options": {
            "title": "Report options",
            "type": "object",
            "description": "",
            "default": "",
            "properties": {
                "report_rmd": {
                    "type": "string",
                    "default": "${projectDir}/assets/repertoire_comparison.Rmd",
                    "description": "Custom report Rmarkdown file.",
                    "fa_icon": "far fa-file-code"
                },
                "report_css": {
                    "type": "string",
                    "default": "${projectDir}/assets/nf-core_style.css",
                    "description": "Custom report style file in css format.",
                    "fa_icon": "far fa-file-code"
                },
                "report_logo": {
                    "type": "string",
                    "default": "${projectDir}/assets/nf-core-airrflow_logo_light.png",
                    "description": "Custom logo for the report.",
                    "fa_icon": "far fa-file-code"
                },
                "report_logo_img": {
                    "type": "string",
                    "default": "${projectDir}/assets/nf-core-airrflow_logo_reports.png",
                    "description": "Custom logo for the EnchantR reports.",
                    "fa_icon": "far fa-file-code"
                },
                "skip_report": {
                    "type": "boolean",
                    "description": "Skip repertoire analysis and report generation.",
                    "fa_icon": "fas fa-angle-double-right"
                },
                "skip_multiqc": {
                    "type": "boolean",
                    "description": "Skip multiqc report.",
                    "fa_icon": "fas fa-angle-double-right"
                }
            },
            "fa_icon": "far fa-file-code"
        },
        "reference_genome_options": {
            "title": "Reference genome options",
            "type": "object",
            "fa_icon": "fas fa-dna",
            "description": "Options for the reference genome indices used to align reads.",
            "properties": {
                "igenomes_base": {
                    "type": "string",
                    "format": "directory-path",
                    "description": "Directory / URL base for iGenomes references.",
                    "default": "s3://ngi-igenomes/igenomes",
                    "fa_icon": "fas fa-cloud-download-alt",
                    "hidden": true
                },
                "igenomes_ignore": {
                    "type": "boolean",
                    "description": "Do not load the iGenomes reference config.",
                    "fa_icon": "fas fa-ban",
                    "hidden": true,
                    "help_text": "Do not load `igenomes.config` when running the pipeline. You may choose this option if you observe clashes between custom parameters and those supplied in `igenomes.config`.",
                    "default": true
                }
            }
        },
        "institutional_config_options": {
            "title": "Institutional config options",
            "type": "object",
            "fa_icon": "fas fa-university",
            "description": "Parameters used to describe centralised config profiles. These should not be edited.",
            "help_text": "The centralised nf-core configuration profiles use a handful of pipeline parameters to describe themselves. This information is then printed to the Nextflow log when you run a pipeline. You should not need to change these values when you run a pipeline.",
            "properties": {
                "custom_config_version": {
                    "type": "string",
                    "description": "Git commit id for Institutional configs.",
                    "default": "master",
                    "hidden": true,
                    "fa_icon": "fas fa-users-cog"
                },
                "custom_config_base": {
                    "type": "string",
                    "description": "Base directory for Institutional configs.",
                    "default": "https://raw.githubusercontent.com/nf-core/configs/master",
                    "hidden": true,
                    "help_text": "If you're running offline, Nextflow will not be able to fetch the institutional config files from the internet. If you don't need them, then this is not a problem. If you do need them, you should download the files from the repo and tell Nextflow where to find them with this parameter.",
                    "fa_icon": "fas fa-users-cog"
                },
                "config_profile_name": {
                    "type": "string",
                    "description": "Institutional config name.",
                    "hidden": true,
                    "fa_icon": "fas fa-users-cog"
                },
                "config_profile_description": {
                    "type": "string",
                    "description": "Institutional config description.",
                    "hidden": true,
                    "fa_icon": "fas fa-users-cog"
                },
                "config_profile_contact": {
                    "type": "string",
                    "description": "Institutional config contact information.",
                    "hidden": true,
                    "fa_icon": "fas fa-users-cog"
                },
                "config_profile_url": {
                    "type": "string",
                    "description": "Directory to keep pipeline Nextflow logs and reports.",
                    "default": "${params.outdir}/pipeline_info",
                    "fa_icon": "fas fa-cogs",
                    "hidden": true
                }
            }
        },
        "max_job_request_options": {
            "title": "Max job request options",
            "type": "object",
            "fa_icon": "fas fa-microchip",
            "description": "Set the top limit for requested resources for any single job.",
            "help_text": "If you are running on a smaller system, a pipeline step requesting more resources than are available may cause Nextflow to stop the run with an error. These options allow you to cap the maximum resources requested by any single job so that the pipeline will run on your system.\n\nNote that you can not _increase_ the resources requested by any job using these options. For that you will need your own configuration file. See [the nf-core website](https://nf-co.re/usage/configuration) for details.",
            "properties": {
                "max_cpus": {
                    "type": "integer",
                    "description": "Maximum number of CPUs that can be requested for any single job.",
                    "default": 16,
                    "fa_icon": "fas fa-microchip",
                    "hidden": true,
                    "help_text": "Use to set an upper-limit for the CPU requirement for each process. Should be an integer e.g. `--max_cpus 1`"
                },
                "max_memory": {
                    "type": "string",
                    "description": "Maximum amount of memory that can be requested for any single job.",
                    "default": "128.GB",
                    "fa_icon": "fas fa-memory",
                    "pattern": "^\\d+(\\.\\d+)?\\.?\\s*(K|M|G|T)?B$",
                    "hidden": true,
                    "help_text": "Use to set an upper-limit for the memory requirement for each process. Should be a string in the format integer-unit e.g. `--max_memory '8.GB'`"
                },
                "max_time": {
                    "type": "string",
                    "description": "Maximum amount of time that can be requested for any single job.",
                    "default": "240.h",
                    "fa_icon": "far fa-clock",
                    "pattern": "^(\\d+\\.?\\s*(s|m|h|d|day)\\s*)+$",
                    "hidden": true,
                    "help_text": "Use to set an upper-limit for the time requirement for each process. Should be a string in the format integer-unit e.g. `--max_time '2.h'`"
                }
            }
        },
        "generic_options": {
            "title": "Generic options",
            "type": "object",
            "fa_icon": "fas fa-file-import",
            "description": "Less common options for the pipeline, typically set in a config file.",
            "help_text": "These options are common to all nf-core pipelines and allow you to customise some of the core preferences for how the pipeline runs.\n\nTypically these options would be set in a Nextflow config file loaded for all pipeline runs, such as `~/.nextflow/config`.",
            "properties": {
                "ecr_registry": {
                    "type": "string",
                    "description": "Amazon ECR registry to use for container images",
                    "fa_icon": "fas fa-cog",
                    "hidden": true
                },
                "help": {
                    "type": "boolean",
                    "description": "Display help text.",
                    "fa_icon": "fas fa-question-circle",
                    "hidden": true
                },
                "version": {
                    "type": "boolean",
                    "description": "Display version and exit.",
                    "fa_icon": "fas fa-question-circle",
                    "hidden": true
                },
                "publish_dir_mode": {
                    "type": "string",
                    "default": "copy",
                    "description": "Method used to save pipeline results to output directory.",
                    "help_text": "The Nextflow `publishDir` option specifies which intermediate files should be saved to the output directory. This option tells the pipeline what method should be used to move these files. See [Nextflow docs](https://www.nextflow.io/docs/latest/process.html#publishdir) for details.",
                    "fa_icon": "fas fa-copy",
                    "enum": ["symlink", "rellink", "link", "copy", "copyNoFollow", "move"],
                    "hidden": true
                },
                "email_on_fail": {
                    "type": "string",
                    "description": "Email address for completion summary, only when pipeline fails.",
                    "fa_icon": "fas fa-exclamation-triangle",
                    "pattern": "^([a-zA-Z0-9_\\-\\.]+)@([a-zA-Z0-9_\\-\\.]+)\\.([a-zA-Z]{2,5})$",
                    "help_text": "An email address to send a summary email to when the pipeline is completed - ONLY sent if the pipeline does not exit successfully.",
                    "hidden": true
                },
                "plaintext_email": {
                    "type": "boolean",
                    "description": "Send plain-text email instead of HTML.",
                    "fa_icon": "fas fa-remove-format",
                    "hidden": true
                },
                "multiqc_title": {
                    "type": "string",
                    "description": "MultiQC report title. Printed as page header, used for filename if not otherwise specified.",
                    "fa_icon": "fas fa-file-signature"
                },
                "max_multiqc_email_size": {
                    "type": "string",
                    "description": "File size limit when attaching MultiQC reports to summary emails.",
                    "pattern": "^\\d+(\\.\\d+)?\\.?\\s*(K|M|G|T)?B$",
                    "default": "25.MB",
                    "fa_icon": "fas fa-file-upload",
                    "hidden": true
                },
                "monochrome_logs": {
                    "type": "boolean",
                    "description": "Do not use coloured log outputs.",
                    "fa_icon": "fas fa-palette",
                    "hidden": true
                },
                "hook_url": {
                    "type": "string",
                    "description": "Incoming hook URL for messaging service",
                    "fa_icon": "fas fa-people-group",
                    "help_text": "Incoming hook URL for messaging service. Currently, MS Teams and Slack are supported.",
                    "hidden": true
                },
                "multiqc_config": {
                    "type": "string",
                    "format": "file-path",
                    "description": "Custom config file to supply to MultiQC.",
                    "fa_icon": "fas fa-cog",
                    "hidden": true
                },
                "multiqc_logo": {
                    "type": "string",
                    "description": "Custom logo file to supply to MultiQC. File name must also be set in the MultiQC config file",
                    "fa_icon": "fas fa-image",
                    "hidden": true
                },
                "multiqc_methods_description": {
                    "type": "string",
                    "description": "Custom MultiQC yaml file containing HTML including a methods description.",
                    "fa_icon": "fas fa-cog"
                },
                "validate_params": {
                    "type": "boolean",
                    "description": "Boolean whether to validate parameters against the schema at runtime",
                    "default": true,
                    "fa_icon": "fas fa-check-square",
                    "hidden": true
                },
                "validationShowHiddenParams": {
                    "type": "boolean",
                    "fa_icon": "far fa-eye-slash",
                    "description": "Show all params when using `--help`",
                    "hidden": true,
                    "help_text": "By default, parameters set as _hidden_ in the schema are not shown on the command line when a user runs with `--help`. Specifying this option will tell the pipeline to show all parameters."
                },
                "validationFailUnrecognisedParams": {
                    "type": "boolean",
                    "fa_icon": "far fa-check-circle",
                    "description": "Validation of parameters fails when an unrecognised parameter is found.",
                    "hidden": true,
                    "help_text": "By default, when an unrecognised parameter is found, it returns a warinig."
                },
                "validationLenientMode": {
                    "type": "boolean",
                    "fa_icon": "far fa-check-circle",
                    "description": "Validation of parameters in lenient more.",
                    "hidden": true,
                    "help_text": "Allows string values that are parseable as numbers or booleans. For further information see [JSONSchema docs](https://github.com/everit-org/json-schema#lenient-mode)."
                }
            }
        }
    },
    "allOf": [
        {
            "$ref": "#/definitions/input_output_options"
        },
        {
            "$ref": "#/definitions/protocol"
        },
        {
            "$ref": "#/definitions/primer_handling"
        },
        {
            "$ref": "#/definitions/umi_barcode_handling"
        },
        {
            "$ref": "#/definitions/adapter_trimming"
        },
        {
            "$ref": "#/definitions/sequence_assembly_options"
        },
        {
            "$ref": "#/definitions/vdj_annotation_options"
        },
        {
            "$ref": "#/definitions/bulk_filtering_options"
        },
        {
            "$ref": "#/definitions/clonal_analysis_options"
        },
        {
            "$ref": "#/definitions/report_options"
        },
        {
            "$ref": "#/definitions/reference_genome_options"
        },
        {
            "$ref": "#/definitions/institutional_config_options"
        },
        {
            "$ref": "#/definitions/max_job_request_options"
        },
        {
            "$ref": "#/definitions/generic_options"
        }
    ]
}
